Full Street Name,Street Name
Ashford St,Ashford
Bell Dr,Bell
Bentley Ln,Bentley
Bermwood Ct,Bermwood
Beverly Dr,Beverly
Birch Ridge Dr,Birch Ridge
Blarney Ct,Blarney
Blue Ribbon Ln,Blue Ribbon
Bradford Pl,Bradford
Briarcliff Rd,Briarcliff
Briarmont Ct,Briarmont
Bristol Pl,Bristol
Bromley St,Bromley
Cardamon Ct,Cardamon
Carlisle St,Carlisle
Cinnamon Cir,Cinnamon
Clover Ridge Ct,Clover Ridge
Cooper Rd,Cooper
Cotton Grove Run,Cotton Grove
Edison Rd,Edison
Forestford Ct,Forestford
Friar Tuck Rd,Friar Tuck
Gladstone Dr,Gladstone
Glasgow St,Glasgow
Greenwich St,Greenwich
Hewberry Ln,Hewberry
Infinity Ln,Infinity
King Richard Rd,King Richard
Kingstree Ct,Kingstree
Little John Rd,Little John
Londonderry Cir,Londonderry
Middle Branch Rd,Middle Branch
Noble Creek Ln,Noble Creek
Pleasant Garden Ln,Pleasant Garden
Poole Rd,Poole
Rawls Dr,Rawls
Rockbridge Rd,Rockbridge
Royal Foxhound Ln,Royal Foxhound
Rushing Creek Pkwy,Rushing Creek
Samuel St,Samuel
Sherwood Ave,Sherwood
Springshire Ct,Springshire
St George Rd,St George
Sunnybrook Rd,Sunnybrook
Sweetgum Cir,Sweetgum
Thames Ct,Thames
Thoroughbred Ln,Thoroughbred
Twinbrook Ct,Twinbrook
Weston St,Weston
White Sock Ln,White Sock
Williams Rd,Williams
Windmont Ct,Windmont
Windycrest Ct,Windycrest
Woodmeadow Pkwy,Woodmeadow
